{"count":1,"self":37.504019199999995,"total":37.6126,"children":{"AgentResetIfDone":{"count":458,"self":0.029826,"total":0.029826,"children":null},"AgentSendState":{"count":458,"self":0.025255999999999997,"total":0.036920999999999995,"children":{"CollectObservations":{"count":458,"self":0.011665,"total":0.011665,"children":null}}},"DecideAction":{"count":458,"self":0.014379,"total":0.014379,"children":null},"AcademyStep":{"count":458,"self":0.010999,"total":0.010999,"children":null},"AgentAct":{"count":458,"self":0.013977,"total":0.013977,"children":null}}}